Season,Natural Key,Name,Nation,Positions,Squad_ID,Squad,Born
2017,8637e09a,Vincent Aboubakar,cm CMR,FW,5e876ee6,pt Porto,1992
2017,81442ecb,Marcos Acuña,ar ARG,"FW,DF",13dc44fd,pt Sporting CP,1991
2017,c81d773d,Tosin Adarabioyo,eng ENG,DF,b8fd03ef,eng Manchester City,1997
2017,9d8586c4,Adriano,br BRA,DF,0f9294bd,tr Beşiktaş,1984
2017,2557c196,Luiz Adriano,br BRA,"FW,MF",8c635914,ru Spartak Moscow,1987
2017,42a632ba,Ansi Agolli,al ALB,DF,44b65410,az Qarabağ,1982
2017,4d034881,Sergio Agüero,ar ARG,FW,b8fd03ef,eng Manchester City,1988
2017,0ff9eabc,Karim El Ahmadi,ma MAR,MF,fb4ca611,nl Feyenoord,1985
2017,5d91cf0f,Valon Ahmedi,al ALB,"MF,FW",2aae7689,si NK Maribor,1994
2017,2b1c4abd,Albian Ajeti,ch SUI,FW,d3d9424a,ch Basel,1997
2017,89ac64a6,Manuel Akanji,ch SUI,DF,d3d9424a,ch Basel,1995
2017,42ec696a,Igor Akinfeev,ru RUS,GK,f0c0c2c2,ru CSKA Moscow,1986
2017,05439de2,David Alaba,at AUT,DF,054efa67,de Bayern Munich,1992
2017,4601e194,Jordi Alba,es ESP,DF,206d90db,es Barcelona,1989
2017,4bd414c1,Raúl Albiol,es ESP,DF,d48ad4ff,it Napoli,1985
2017,a7a9d95a,Paco Alcácer,es ESP,FW,206d90db,es Barcelona,1993
2017,77e84962,Thiago Alcántara,es ESP,MF,054efa67,de Bayern Munich,1991
2017,f7d50789,Toby Alderweireld,be BEL,DF,361ca564,eng Tottenham,1989
2017,cd1acf9d,Trent Alexander-Arnold,eng ENG,DF,822bd0ba,eng Liverpool,1998
2017,e044ce1e,Nektarios Alexandrou,cy CYP,"DF,MF",eab315a6,cy APOEL FC,1983
2017,7a2e46a8,Alisson,br BRA,GK,cf74a709,it Roma,1992
2017,cc700722,Allan,br BRA,MF,d48ad4ff,it Napoli,1991
2017,cea4ee8f,Dele Alli,eng ENG,"MF,FW",361ca564,eng Tottenham,1996
2017,67b3d74b,André Almeida,pt POR,DF,a77c513e,pt Benfica,1990
2017,ba6e52b0,André Almeida Pinto,pt POR,DF,13dc44fd,pt Sporting CP,1989
2017,bdf8165d,Richard Almeida,az AZE,MF,44b65410,az Qarabağ,1989
2017,cb7786d5,Stathis Aloneftis,cy CYP,"FW,MF",eab315a6,cy APOEL FC,1983
2017,f4290206,Marcos Alonso,es ESP,"DF,MF",cff3d9bb,eng Chelsea,1990
2017,8ce30c57,Éder Álvarez Balanta,co COL,DF,d3d9424a,ch Basel,1993
2017,c9e99e49,Dani Alves,br BRA,DF,e2d8892c,fr Paris S-G,1983
2017,5a2cb25d,Sofyan Amrabat,ma MAR,"MF,DF",fb4ca611,nl Feyenoord,1996
2017,9f31b1d3,André André,pt POR,"MF,FW",5e876ee6,pt Porto,1989
2017,2a70dcc9,Thanasis Androutsos,gr GRE,FW,2fdb4aef,gr Olympiacos,1997
2017,632e0184,Minas Antoniou,cy CYP,FW,eab315a6,cy APOEL FC,1994
2017,91976866,Mirko Antonucci,it ITA,FW,cf74a709,it Roma,1999
2017,feb5d3ab,Dennis Appiah,fr FRA,"DF,MF",08ad393c,be Anderlecht,1992
2017,2f965a72,Alphonse Areola,fr FRA,GK,e2d8892c,fr Paris S-G,1993
2017,97333cf5,Stuart Armstrong,sct SCO,MF,b81aa4fa,sct Celtic,1992
2017,963a328b,Tolgay Arslan,de GER,MF,0f9294bd,tr Beşiktaş,1990
2017,089550f5,Kwadwo Asamoah,gh GHA,DF,e0652b02,it Juventus,1988
2017,45af8a54,Marco Asensio,es ESP,"MF,FW",53a2f082,es Real Madrid,1996
2017,d5dd5f1f,Pierre-Emerick Aubameyang,ga GAB,FW,add600ae,de Dortmund,1989
2017,97bfa797,Jean-Kévin Augustin,fr FRA,FW,acbb6a5b,de RB Leipzig,1997
2017,0e34de55,Filipe Augusto,br BRA,MF,a77c513e,pt Benfica,1993
2017,5c2b4f07,Serge Aurier,ci CIV,DF,361ca564,eng Tottenham,1992
2017,53fc526b,Márcio Azevedo,br BRA,DF,e89d5a28,ua Shakhtar,1986
2017,53cad200,César Azpilicueta,es ESP,DF,cff3d9bb,eng Chelsea,1989
2017,6438d426,Ryan Babel,nl NED,FW,0f9294bd,tr Beşiktaş,1986
2017,a1232f4e,Eric Bailly,ci CIV,DF,19538871,eng Manchester Utd,1994
2017,ae8ec371,Gregor Bajde,si SVN,"MF,FW",2aae7689,si NK Maribor,1994
2017,59bf127b,Tiemoué Bakayoko,fr FRA,MF,cff3d9bb,eng Chelsea,1994
2017,509a4ccb,Keita Baldé,sn SEN,"FW,MF",fd6114db,fr Monaco,1995
2017,a58bb1e1,Gareth Bale,wls WAL,"FW,MF",53a2f082,es Real Madrid,1989
2017,fa937f7a,Éver Banega,ar ARG,MF,ad2be733,es Sevilla,1988
2017,72d0e1b6,Gabriel Barbosa,br BRA,"MF,DF",a77c513e,pt Benfica,1996
2017,b742cc0d,Marc Bartra,es ESP,"DF,MF",add600ae,de Dortmund,1991
2017,7c0000fd,Andrea Barzagli,it ITA,DF,e0652b02,it Juventus,1981
2017,b9052bad,Bilal Başaçıkoğlu,tr TUR,FW,fb4ca611,nl Feyenoord,1995
2017,2973d8ff,Michy Batshuayi,be BEL,FW,cff3d9bb,eng Chelsea,1993
2017,d637fc22,Rodrigo Battaglia,ar ARG,MF,13dc44fd,pt Sporting CP,1991
2017,49312f11,Sven van Beek,nl NED,DF,fb4ca611,nl Feyenoord,1994
2017,942b4f90,Wissam Ben Yedder,fr FRA,FW,ad2be733,es Sevilla,1990
2017,b7e7937d,Diego Benaglio,ch SUI,GK,fd6114db,fr Monaco,1983
2017,3b15ef2d,Medhi Benatia,ma MAR,DF,e0652b02,it Juventus,1987
2017,3b8674e6,Rodrigo Bentancur,uy URU,"MF,FW",e0652b02,it Juventus,1997
2017,70d74ece,Karim Benzema,fr FRA,FW,53a2f082,es Real Madrid,1987
2017,b6e50615,Yuri Berchiche,es ESP,DF,e2d8892c,fr Paris S-G,1990
2017,84ad89fa,Aleksei Berezutski,ru RUS,DF,f0c0c2c2,ru CSKA Moscow,1982
2017,a49fd565,Vasili Berezutski,ru RUS,DF,f0c0c2c2,ru CSKA Moscow,1982
2017,713c144a,Steven Berghuis,nl NED,FW,fb4ca611,nl Feyenoord,1991
2017,ab4b3e35,Bernard,br BRA,FW,e89d5a28,ua Shakhtar,1992
2017,ee93c1a9,Federico Bernardeschi,it ITA,FW,e0652b02,it Juventus,1994
2017,17370b95,Bernardo,br BRA,DF,acbb6a5b,de RB Leipzig,1995
2017,433dc9a2,Juan Bernat,es ESP,DF,054efa67,de Bayern Munich,1993
2017,a3e1d20d,Jean-Claude Billong,cm CMR,DF,2aae7689,si NK Maribor,1993
2017,f533776b,Nir Bitton,il ISR,"DF,MF",b81aa4fa,sct Celtic,1991
2017,691bef82,Daley Blind,nl NED,DF,19538871,eng Manchester Utd,1990
2017,2db2fd7b,Jérôme Boateng,de GER,DF,054efa67,de Bayern Munich,1988
2017,faa1b07d,Salvatore Bocchetti,it ITA,DF,8c635914,ru Spartak Moscow,1986
2017,0ef05b3e,Frank Boeckx,be BEL,GK,08ad393c,be Anderlecht,1986
2017,635f2732,Jean-Paul Boëtius,nl NED,FW,fb4ca611,nl Feyenoord,1994
2017,4d1cea6a,Damjan Bohar,si SVN,"MF,FW",2aae7689,si NK Maribor,1991
2017,e90af77c,Gabriel Boschilia,br BRA,DF,fd6114db,fr Monaco,1996
2017,7f6bff1f,Alberto Botía,es ESP,DF,2fdb4aef,gr Olympiacos,1989
2017,eef95b11,Eric Botteghin,br BRA,DF,fb4ca611,nl Feyenoord,1987
2017,7c473e12,Dedryck Boyata,be BEL,DF,b81aa4fa,sct Celtic,1990
2017,56b5d64e,Yacine Brahimi,dz ALG,"FW,MF",5e876ee6,pt Porto,1990
2017,10072610,Claudio Bravo,cl CHI,GK,b8fd03ef,eng Manchester City,1983
2017,0be28faf,Scott Brown,sct SCO,MF,b81aa4fa,sct Celtic,1985
2017,5caa62a7,Bruma,pt POR,"FW,MF",acbb6a5b,de RB Leipzig,1994
2017,4e18cf1c,Massimo Bruno,be BEL,FW,08ad393c,be Anderlecht,1993
2017,a4f642c5,Kevin Bua,ch SUI,"MF,FW",d3d9424a,ch Basel,1993
2017,e40d028b,Gianluigi Buffon,it ITA,GK,e0652b02,it Juventus,1978
2017,9d12e142,Roman Bürki,ch SUI,GK,add600ae,de Dortmund,1990
2017,5ab0ea87,Sergio Busquets,es ESP,MF,206d90db,es Barcelona,1988
2017,8a7a5ad7,Bohdan Butko,ua UKR,DF,e89d5a28,ua Shakhtar,1991
2017,7914b9fe,Gary Cahill,eng ENG,DF,cff3d9bb,eng Chelsea,1985
2017,22ca11f1,Fabrizio Caligara,it ITA,FW,e0652b02,it Juventus,2000
2017,78841da9,José Callejón,es ESP,FW,d48ad4ff,it Napoli,1987
2017,341a40ef,Igor de Camargo,be BEL,FW,eab315a6,cy APOEL FC,1983
2017,a65ce836,Emre Can,de GER,MF,822bd0ba,eng Liverpool,1994
2017,dc415e39,Mehdi Carcela,ma MAR,"FW,MF",2fdb4aef,gr Olympiacos,1989
2017,0d863fdc,Carlão,br BRA,DF,eab315a6,cy APOEL FC,1986
2017,de39485a,Yannick Carrasco,be BEL,"MF,FW",db3b9613,es Atlético Madrid,1993
2017,8f898ba8,Guido Carrillo,ar ARG,FW,fd6114db,fr Monaco,1991
2017,4958bfb2,Dani Carvajal,es ESP,DF,53a2f082,es Real Madrid,1992
2017,36b76751,João Carvalho,pt POR,MF,a77c513e,pt Benfica,1997
2017,dee86451,William Carvalho,pt POR,MF,13dc44fd,pt Sporting CP,1992
2017,4d224fe8,Casemiro,br BRA,MF,53a2f082,es Real Madrid,1992
2017,58bc7d18,Kiko Casilla,es ESP,GK,53a2f082,es Real Madrid,1986
2017,1ddbb0da,Iker Casillas,es ESP,GK,5e876ee6,pt Porto,1981
2017,68829001,Gonzalo Castro,de GER,MF,add600ae,de Dortmund,1987
2017,527f063d,Edinson Cavani,uy URU,FW,e2d8892c,fr Paris S-G,1987
2017,c0617e2b,Dani Ceballos,es ESP,"MF,FW",53a2f082,es Real Madrid,1996
2017,5e1028e5,Franco Cervi,ar ARG,"MF,FW",a77c513e,pt Benfica,1994
2017,f0faccb9,Bruno César,br BRA,"MF,FW",13dc44fd,pt Sporting CP,1988
2017,f619413f,Júlio César,br BRA,GK,a77c513e,pt Benfica,1979
2017,042d286e,Fyodor Chalov,ru RUS,FW,f0c0c2c2,ru CSKA Moscow,1998
2017,e85fb9b8,Giorgio Chiellini,it ITA,DF,e0652b02,it Juventus,1984
2017,c9081f9a,Alexandru Chipciu,ro ROU,DF,08ad393c,be Anderlecht,1989
2017,c316607a,Vlad Chiricheș,ro ROU,DF,d48ad4ff,it Napoli,1989
2017,1cb49278,Andreas Christensen,dk DEN,DF,cff3d9bb,eng Chelsea,1996
2017,04ac8285,Jasper Cillessen,nl NED,GK,206d90db,es Barcelona,1989
2017,a1c2666d,Orkan Çınar,tr TUR,FW,0f9294bd,tr Beşiktaş,1996
2017,0442183b,Nathaniel Clyne,eng ENG,DF,822bd0ba,eng Liverpool,1991
2017,1fbbfbde,Sebastián Coates,uy URU,DF,13dc44fd,pt Sporting CP,1990
2017,0f8bd0a6,Fábio Coentrão,pt POR,"DF,MF",13dc44fd,pt Sporting CP,1988
2017,042e8a49,Kingsley Coman,fr FRA,"FW,MF",054efa67,de Bayern Munich,1996
2017,3e99c613,Marvin Compper,de GER,DF,acbb6a5b,de RB Leipzig,1985
2017,0e7ccfc4,Sébastien Corchia,fr FRA,DF,ad2be733,es Sevilla,1990
2017,fb938d24,Jesús Corona,mx MEX,MF,5e876ee6,pt Porto,1993
2017,01eb744d,Ángel Correa,ar ARG,"MF,FW",db3b9613,es Atlético Madrid,1995
2017,45b9b619,Joaquín Correa,ar ARG,FW,ad2be733,es Sevilla,1994
2017,4fa7cb9b,Douglas Costa,br BRA,"FW,MF",e0652b02,it Juventus,1990
2017,1840e36d,Thibaut Courtois,be BEL,GK,cff3d9bb,eng Chelsea,1992
2017,0ef89a37,Philippe Coutinho,br BRA,"MF,FW",822bd0ba,eng Liverpool,1992
2017,0ab1f153,Juan Cuadrado,co COL,FW,e0652b02,it Juventus,1988
2017,db4ed67b,Mahmoud Dahoud,de GER,MF,add600ae,de Dortmund,1996
2017,d9565625,Diogo Dalot,pt POR,DF,5e876ee6,pt Porto,1999
2017,94b2001f,Danilo,br BRA,DF,b8fd03ef,eng Manchester City,1991
2017,96e0490d,Matteo Darmian,it ITA,DF,19538871,eng Manchester Utd,1989
2017,44781702,Ben Davies,wls WAL,DF,361ca564,eng Tottenham,1993
2017,e46012d4,Kevin De Bruyne,be BEL,MF,b8fd03ef,eng Manchester City,1991
2017,532d2690,Daniele De Rossi,it ITA,MF,cf74a709,it Roma,1983
2017,ae4e2852,Mattia De Sciglio,it ITA,DF,e0652b02,it Juventus,1992
2017,854ee61a,Grégoire Defrel,mq MTQ,FW,cf74a709,it Roma,1991
2017,111c3236,Fabian Delph,eng ENG,DF,b8fd03ef,eng Manchester City,1989
2017,f7ee69fb,Mousa Dembélé,be BEL,MF,361ca564,eng Tottenham,1987
2017,e7986081,Moussa Dembélé,fr FRA,FW,b81aa4fa,sct Celtic,1996
2017,b19db005,Ousmane Dembélé,fr FRA,"MF,FW",206d90db,es Barcelona,1997
2017,dc3fa3b5,Diego Demme,de GER,MF,acbb6a5b,de RB Leipzig,1991
2017,5a7301ae,Leander Dendoncker,be BEL,"MF,DF",08ad393c,be Anderlecht,1995
2017,85686f86,Dentinho,br BRA,"MF,FW",e89d5a28,ua Shakhtar,1989
2017,d807c7f6,Jan-Arie van der Heijden,nl NED,DF,fb4ca611,nl Feyenoord,1988
2017,a6997e06,Olivier Deschacht,be BEL,DF,08ad393c,be Anderlecht,1981
2017,39583cfd,Gerard Deulofeu,es ESP,"FW,MF",206d90db,es Barcelona,1994
2017,19cda00b,Ángel Di María,ar ARG,FW,e2d8892c,fr Paris S-G,1988
2017,65585e3a,Adama Diakhaby,fr FRA,FW,fd6114db,fr Monaco,1996
2017,79584585,Lassana Diarra,fr FRA,MF,e2d8892c,fr Paris S-G,1985
2017,31c69ef1,Rúben Dias,pt POR,DF,a77c513e,pt Benfica,1997
2017,bf309d24,Amadou Diawara,gn GUI,MF,d48ad4ff,it Napoli,1997
2017,407feb71,Brahim Díaz,ma MAR,"MF,FW",b8fd03ef,eng Manchester City,1999
2017,3c1b7c60,Serey Die,ci CIV,MF,d3d9424a,ch Basel,1984
2017,ac861941,Eric Dier,eng ENG,"MF,DF",361ca564,eng Tottenham,1994
2017,1b84dbe1,Lucas Digne,fr FRA,DF,206d90db,es Barcelona,1993
2017,f179ee11,Kevin Diks,id IDN,DF,fb4ca611,nl Feyenoord,1996
2017,5cef5a64,Joshgun Diniyev,az AZE,MF,44b65410,az Qarabağ,1995
2017,dc90cfbe,Bas Dost,nl NED,FW,13dc44fd,pt Sporting CP,1989
2017,ee0da7af,Douglas,br BRA,DF,a77c513e,pt Benfica,1990
2017,c49afee6,Seydou Doumbia,ci CIV,FW,13dc44fd,pt Sporting CP,1987
2017,1a992676,Julian Draxler,de GER,MF,e2d8892c,fr Paris S-G,1993
2017,2649ff32,Danny Drinkwater,eng ENG,MF,cff3d9bb,eng Chelsea,1990
2017,e0921a4f,Paulo Dybala,ar ARG,"MF,FW",e0652b02,it Juventus,1993
2017,4c45cdc2,Alan Dzagoev,ru RUS,"MF,FW",f0c0c2c2,ru CSKA Moscow,1990
2017,3bb7f478,Edin Džeko,ba BIH,FW,cf74a709,it Roma,1986
2017,e7ef333b,Georgi Dzhikiya,ru RUS,DF,8c635914,ru Spartak Moscow,1993
2017,a382462b,Lorenzo Ebecilio,nl NED,"MF,FW",eab315a6,cy APOEL FC,1991
2017,3bb7b8b4,Ederson,br BRA,GK,b8fd03ef,eng Manchester City,1993
2017,0562b7f1,Odsonne Édouard,fr FRA,FW,b81aa4fa,sct Celtic,1998
2017,65553d96,Giorgos Efrem,cy CYP,MF,eab315a6,cy APOEL FC,1989
2017,4f56170e,Omar Elabdellaoui,no NOR,DF,2fdb4aef,gr Olympiacos,1991
2017,981869fc,Eliseu,pt POR,DF,a77c513e,pt Benfica,1983
2017,68dc0dac,Mohamed Elyounoussi,no NOR,"FW,MF",d3d9424a,ch Basel,1994
2017,85b0c4c6,Tarik Elyounoussi,no NOR,"FW,MF",44b65410,az Qarabağ,1988
2017,df6bcd09,Emmanuel Emenike,ng NGA,FW,2fdb4aef,gr Olympiacos,1987
2017,4fdf1fd9,Björn Engels,be BEL,DF,2fdb4aef,gr Olympiacos,1994
2017,980522ec,Christian Eriksen,dk DEN,"MF,FW",361ca564,eng Tottenham,1992
2017,15b6e8d7,Caner Erkin,tr TUR,DF,0f9294bd,tr Beşiktaş,1988
2017,b0616e3d,Sergio Escudero,es ESP,DF,ad2be733,es Sevilla,1989
2017,7f3b388c,Fabinho,br BRA,MF,fd6114db,fr Monaco,1993
2017,33508c78,Cesc Fàbregas,es ESP,MF,cff3d9bb,eng Chelsea,1987
2017,af245161,Fabricio,es ESP,GK,0f9294bd,tr Beşiktaş,1987
2017,66116290,Radamel Falcao,co COL,FW,fd6114db,fr Monaco,1986
2017,ea8d470b,Agustín Farías,ar ARG,"MF,FW",eab315a6,cy APOEL FC,1987
2017,4e358a2d,Federico Fazio,ar ARG,DF,cf74a709,it Roma,1987
2017,874d7a32,Ljubomir Fejsa,rs SRB,MF,a77c513e,pt Benfica,1988
2017,51a3c4c8,Felipe,br BRA,DF,5e876ee6,pt Porto,1989
2017,87575fd9,Marouane Fellaini,be BEL,MF,19538871,eng Manchester Utd,1987
2017,507c7bdf,Bruno Fernandes,pt POR,MF,13dc44fd,pt Sporting CP,1994
2017,7c1a0c67,Mário Fernandes,ru RUS,"FW,MF",f0c0c2c2,ru CSKA Moscow,1990
2017,78c40e94,Augusto Fernández,ar ARG,MF,db3b9613,es Atlético Madrid,1986
2017,101da2b5,Fernandinho,br BRA,"MF,DF",b8fd03ef,eng Manchester City,1985
2017,34c3ec17,Fernando,br BRA,MF,8c635914,ru Spartak Moscow,1992
2017,b39a793e,Facundo Ferreyra,ar ARG,FW,e89d5a28,ua Shakhtar,1991
2017,3e587547,Diogo Figueiras,pt POR,"DF,MF",2fdb4aef,gr Olympiacos,1991
2017,352cabbc,Tobias Figueiredo,pt POR,DF,13dc44fd,pt Sporting CP,1994
2017,4c370d81,Roberto Firmino,br BRA,FW,822bd0ba,eng Liverpool,1991
2017,e288d4b3,Alessandro Florenzi,it ITA,"DF,FW",cf74a709,it Roma,1991
2017,ed1e53f3,Phil Foden,eng ENG,"MF,DF",b8fd03ef,eng Manchester City,2000
2017,e73659d3,James Forrest,sct SCO,"DF,FW",b81aa4fa,sct Celtic,1991
2017,9a2e0ccc,Emil Forsberg,se SWE,"MF,FW",acbb6a5b,de RB Leipzig,1991
2017,2327c29e,Hernâni Fortes,pt POR,MF,5e876ee6,pt Porto,1991
2017,715e5b0e,Kostas Fortounis,gr GRE,"FW,MF",2fdb4aef,gr Olympiacos,1992
2017,6c7762c3,Juan Foyth,ar ARG,DF,361ca564,eng Tottenham,1998
2017,2e85c59c,Alexander Fransson,se SWE,MF,d3d9424a,ch Basel,1994
2017,b853e0ad,Fred,br BRA,MF,e89d5a28,ua Shakhtar,1993
2017,9fb640a8,Fabian Frei,ch SUI,"DF,MF",d3d9424a,ch Basel,1989
2017,f86ad3f5,Marco Friedl,at AUT,DF,054efa67,de Bayern Munich,1998
2017,65d750b5,Gabi,es ESP,MF,db3b9613,es Atlético Madrid,1983
2017,7ebfac0f,Nicolás Gaitán,ar ARG,MF,db3b9613,es Atlético Madrid,1988
2017,f27680d9,Cristian Gamboa,cr CRC,DF,b81aa4fa,sct Celtic,1989
2017,42276181,Kévin Gameiro,fr FRA,FW,db3b9613,es Atlético Madrid,1987
2017,23593121,Ganso,br BRA,MF,ad2be733,es Sevilla,1989
2017,a372a9f2,Gara Garayev,az AZE,MF,44b65410,az Qarabağ,1992
2017,7ba6d84e,David de Gea,es ESP,GK,19538871,eng Manchester Utd,1990
2017,294450ba,Johannes Geis,de GER,DF,ad2be733,es Sevilla,1993
2017,ad28ee23,Anthony Georgiou,cy CYP,MF,361ca564,eng Tottenham,1997
2017,e45ee4bc,Pieter Gerkens,be BEL,"FW,MF",08ad393c,be Anderlecht,1995
2017,8827bf46,Gerson,br BRA,FW,cf74a709,it Roma,1997
2017,dc3a9a0d,Rachid Ghezzal,dz ALG,"MF,FW",fd6114db,fr Monaco,1992
2017,c5adc293,Faouzi Ghoulam,dz ALG,DF,d48ad4ff,it Napoli,1991
2017,3f944dad,Guillaume Gillet,be BEL,MF,2fdb4aef,gr Olympiacos,1984
2017,16ceb862,Olivier Giroud,fr FRA,FW,cff3d9bb,eng Chelsea,1986
2017,c6056d58,Kamil Glik,pl POL,DF,fd6114db,fr Monaco,1988
2017,c67b8590,Denis Glushakov,ru RUS,MF,8c635914,ru Spartak Moscow,1987
2017,fc4f85b1,Diego Godín,uy URU,DF,db3b9613,es Atlético Madrid,1986
2017,3708e9fa,Aleksandr Golovin,ru RUS,MF,f0c0c2c2,ru CSKA Moscow,1996
2017,1961b2aa,André Gomes,pt POR,MF,206d90db,es Barcelona,1993
2017,7a11550b,Joe Gomez,eng ENG,DF,822bd0ba,eng Liverpool,1997
2017,b8c1de25,Maxime Gonalons,fr FRA,MF,cf74a709,it Roma,1989
2017,f4b52308,Diogo Gonçalves,pt POR,"FW,MF",a77c513e,pt Benfica,1997
2017,d1675302,Gökhan Gönül,tr TUR,DF,0f9294bd,tr Beşiktaş,1985
2017,b15780e3,Craig Gordon,sct SCO,GK,b81aa4fa,sct Celtic,1982
2017,f33238db,Astemir Gordyushenko,ru RUS,FW,f0c0c2c2,ru CSKA Moscow,1997
2017,9efa1d25,Mario Götze,de GER,MF,add600ae,de Dortmund,1992
2017,df69b544,Antoine Griezmann,fr FRA,FW,db3b9613,es Atlético Madrid,1991
2017,a8c62306,Leigh Griffiths,sct SCO,FW,b81aa4fa,sct Celtic,1990
2017,b1f4086c,Álex Grimaldo,es ESP,DF,a77c513e,pt Benfica,1995
2017,8b8e759d,Marko Grujić,rs SRB,FW,822bd0ba,eng Liverpool,1996
2017,2f061b36,Raúl Gudiño,mx MEX,GK,eab315a6,cy APOEL FC,1996
2017,048a1cbc,Raphaël Guerreiro,pt POR,"MF,DF",add600ae,de Dortmund,1993
2017,af7e69d1,Wilde-Donald Guerrier,ht HAI,"DF,MF",44b65410,az Qarabağ,1989
2017,bcb2ccd8,Péter Gulácsi,hu HUN,GK,acbb6a5b,de RB Leipzig,1990
2017,819b3158,İlkay Gündoğan,de GER,MF,b8fd03ef,eng Manchester City,1990
2017,e42d61c7,Achraf Hakimi,ma MAR,DF,53a2f082,es Real Madrid,1998
2017,8ff2354e,Marcel Halstenberg,de GER,DF,acbb6a5b,de RB Leipzig,1991
2017,e6ad16b2,Marek Hamšík,sk SVK,MF,d48ad4ff,it Napoli,1987
2017,bc1f61c9,Jasmin Handanović,si SVN,GK,2aae7689,si NK Maribor,1978
2017,ebc49727,Sofiane Hanni,dz ALG,"FW,MF",08ad393c,be Anderlecht,1990
2017,c8d7131c,Ridgeciano Haps,sr SUR,DF,fb4ca611,nl Feyenoord,1993
2017,fe4a25be,Hamdi Harbaoui,tn TUN,FW,08ad393c,be Anderlecht,1985
2017,a39bb753,Eden Hazard,be BEL,"FW,MF",cff3d9bb,eng Chelsea,1991
2017,935e6b8f,Jordan Henderson,eng ENG,MF,822bd0ba,eng Liverpool,1990
2017,460976a2,Pedro Henrique,br BRA,"FW,MF",44b65410,az Qarabağ,1990
2017,c3ee18ef,Lucas Hernández,fr FRA,DF,db3b9613,es Atlético Madrid,1996
2017,d4c9725f,Theo Hernández,fr FRA,DF,53a2f082,es Real Madrid,1997
2017,436a9dd0,Ander Herrera,es ESP,MF,19538871,eng Manchester Utd,1989
2017,a8542814,Héctor Herrera,mx MEX,MF,5e876ee6,pt Porto,1990
2017,92e7e919,Son Heung-min,kr KOR,"FW,MF",361ca564,eng Tottenham,1992
2017,8a08491a,Gonzalo Higuaín,ar ARG,FW,e0652b02,it Juventus,1987
2017,a4aa453f,Dino Hotić,ba BIH,"MF,FW",2aae7689,si NK Maribor,1995
2017,05d548d8,Mats Hummels,de GER,DF,054efa67,de Bayern Munich,1988
2017,4f5a953e,Badavi Huseynov,az AZE,DF,44b65410,az Qarabağ,1991
2017,f1b55719,Atiba Hutchinson,ca CAN,MF,0f9294bd,tr Beşiktaş,1983
2017,2f3452eb,Elseid Hysaj,al ALB,DF,d48ad4ff,it Napoli,1994
2017,4cde5509,Zlatan Ibrahimović,se SWE,FW,19538871,eng Manchester Utd,1981
2017,04f2ed4d,Sergei Ignashevich,ru RUS,DF,f0c0c2c2,ru CSKA Moscow,1979
2017,8494acc4,Stefan Ilsanker,at AUT,"DF,MF",acbb6a5b,de RB Leipzig,1989
2017,07802f7f,Danny Ings,eng ENG,FW,822bd0ba,eng Liverpool,1992
2017,cfd65a29,Andrés Iniesta,es ESP,MF,206d90db,es Barcelona,1984
2017,2f557579,Lorenzo Insigne,it ITA,FW,d48ad4ff,it Napoli,1991
2017,8e92be30,Alexander Isak,se SWE,FW,add600ae,de Dortmund,1999
2017,a0b4bb3e,Isco,es ESP,MF,53a2f082,es Real Madrid,1992
2017,cf182add,Ismaily,br BRA,DF,e89d5a28,ua Shakhtar,1990
2017,769b907d,Afran Ismayilov,az AZE,MF,44b65410,az Qarabağ,1988
2017,ef233486,Cedric Itten,ch SUI,MF,d3d9424a,ch Basel,1996
2017,ce9e8024,Jardel,br BRA,DF,a77c513e,pt Benfica,1986
2017,7cab69b5,Jemerson,br BRA,DF,fd6114db,fr Monaco,1992
2017,b66315ae,Gabriel Jesus,br BRA,FW,b8fd03ef,eng Manchester City,1997
2017,79083382,Juan Jesus,br BRA,DF,cf74a709,it Roma,1991
2017,b561db50,Raúl Jiménez,mx MEX,FW,a77c513e,pt Benfica,1991
2017,9bcd6455,Jonas,br BRA,"FW,MF",a77c513e,pt Benfica,1984
2017,ffc1c226,Brad Jones,au AUS,GK,fb4ca611,nl Feyenoord,1982
2017,13c44fc5,Jorge,br BRA,DF,fd6114db,fr Monaco,1996
2017,45db685d,Jorginho,it ITA,MF,d48ad4ff,it Napoli,1991
2017,f36c432f,Stevan Jovetić,me MNE,FW,fd6114db,fr Monaco,1989
2017,cfd8d664,Juanfran,es ESP,DF,db3b9613,es Atlético Madrid,1985
2017,dff19848,Nicolai Jørgensen,dk DEN,FW,fb4ca611,nl Feyenoord,1991
2017,3e6b69c2,Marwan Kabha,il ISR,MF,2aae7689,si NK Maribor,1991
2017,5afafbfe,Shinji Kagawa,jp JPN,"MF,FW",add600ae,de Dortmund,1989
2017,733fecf1,Dominik Kaiser,de GER,MF,acbb6a5b,de RB Leipzig,1988
2017,b825a650,Kevin Kampl,si SVN,MF,acbb6a5b,de RB Leipzig,1990
2017,21a66f6a,Harry Kane,eng ENG,FW,361ca564,eng Tottenham,1993
2017,b9fbae28,N'Golo Kanté,fr FRA,MF,cff3d9bb,eng Chelsea,1991
2017,62ba5881,Stefanos Kapino,gr GRE,GK,2fdb4aef,gr Olympiacos,1994
2017,32e7ce92,Loris Karius,de GER,GK,822bd0ba,eng Liverpool,1993
2017,f25c8e3a,Naby Keïta,gn GUI,MF,acbb6a5b,de RB Leipzig,1995
2017,38ac43d3,Sami Khedira,de GER,MF,e0652b02,it Juventus,1987
2017,862fa9fb,Davit Khocholava,ge GEO,DF,e89d5a28,ua Shakhtar,1993
2017,aae44006,Khetag Khosonov,ru RUS,MF,f0c0c2c2,ru CSKA Moscow,1998
2017,49296448,Joshua Kimmich,de GER,DF,054efa67,de Bayern Munich,1995
2017,aef6e670,Presnel Kimpembe,fr FRA,DF,e2d8892c,fr Paris S-G,1995
2017,8b8a56ce,Simon Kjær,dk DEN,DF,ad2be733,es Sevilla,1989
2017,008a6e6d,Ragnar Klavan,ee EST,DF,822bd0ba,eng Liverpool,1985
2017,ca8033cb,Lukas Klostermann,de GER,DF,acbb6a5b,de RB Leipzig,1996
2017,55126f3b,Koke,es ESP,MF,db3b9613,es Atlético Madrid,1992
2017,eda40760,Aleksandar Kolarov,rs SRB,DF,cf74a709,it Roma,1985
2017,6d3f2898,Dmitri Kombarov,ru RUS,DF,8c635914,ru Spartak Moscow,1987
2017,d2bff301,Vincent Kompany,be BEL,DF,b8fd03ef,eng Manchester City,1986
2017,1f9a3a04,Terence Kongolo,nl NED,DF,fd6114db,fr Monaco,1994
2017,da270297,Eboue Kouassi,ci CIV,MF,b81aa4fa,sct Celtic,1997
2017,da974c7b,Kalidou Koulibaly,sn SEN,DF,d48ad4ff,it Napoli,1991
2017,114b510e,Leonardo Koutris,gr GRE,DF,2fdb4aef,gr Olympiacos,1995
2017,79c0821a,Mateo Kovačić,hr CRO,MF,53a2f082,es Real Madrid,1994
2017,9d60028d,Viktor Kovalenko,ua UKR,"MF,FW",e89d5a28,ua Shakhtar,1996
2017,2c6e72bf,Martin Kramarič,si SVN,FW,2aae7689,si NK Maribor,1997
2017,f175ca0a,Michiel Kramer,nl NED,FW,fb4ca611,nl Feyenoord,1988
2017,1c8dc17d,Michael Krohn-Dehli,dk DEN,MF,ad2be733,es Sevilla,1983
2017,6ce1f46f,Toni Kroos,de GER,MF,53a2f082,es Real Madrid,1990
2017,292a652a,Serhiy Kryvtsov,ua UKR,DF,e89d5a28,ua Shakhtar,1991
2017,ccc66d00,Konstantin Kuchayev,ru RUS,"MF,FW",f0c0c2c2,ru CSKA Moscow,1998
2017,83534f30,Sven Kums,be BEL,MF,08ad393c,be Anderlecht,1988
2017,41e7ef1c,Layvin Kurzawa,fr FRA,DF,e2d8892c,fr Paris S-G,1992
2017,ef8cafeb,Ilya Kutepov,ru RUS,DF,8c635914,ru Spartak Moscow,1993
2017,5984e9f9,Léo Lacroix,ch SUI,DF,d3d9424a,ch Basel,1992
2017,98e0ad35,Roberto Lago,es ESP,DF,eab315a6,cy APOEL FC,1985
2017,c1b7847c,Konrad Laimer,at AUT,MF,acbb6a5b,de RB Leipzig,1997
2017,99813635,Adam Lallana,eng ENG,FW,822bd0ba,eng Liverpool,1988
2017,abe66106,Érik Lamela,ar ARG,"FW,MF",361ca564,eng Tottenham,1992
2017,864db10a,Michael Lang,ch SUI,"MF,DF",d3d9424a,ch Basel,1991
2017,119b9a8e,Aymeric Laporte,es ESP,DF,b8fd03ef,eng Manchester City,1994
2017,32e73151,Sam Larsson,se SWE,FW,fb4ca611,nl Feyenoord,1993
2017,ad6295d4,Miguel Layún,mx MEX,"DF,MF",5e876ee6,pt Porto,1988
2017,4dbd0916,Thomas Lemar,fr FRA,"MF,FW",fd6114db,fr Monaco,1995
2017,4f28a6ff,Clément Lenglet,fr FRA,DF,ad2be733,es Sevilla,1995
2017,6f1721f0,Jeremain Lens,nl NED,FW,0f9294bd,tr Beşiktaş,1987
2017,8d78e732,Robert Lewandowski,pl POL,FW,054efa67,de Bayern Munich,1988
2017,99b1d0e6,Stephan Lichtsteiner,ch SUI,DF,e0652b02,it Juventus,1984
2017,f5deef4c,Victor Lindelöf,se SWE,DF,19538871,eng Manchester Utd,1994
2017,810e3c74,Jesse Lingard,eng ENG,"MF,FW",19538871,eng Manchester Utd,1992
2017,82dbf623,Fernando Llorente,es ESP,FW,361ca564,eng Tottenham,1985
2017,02c15616,Marcos Llorente,es ESP,MF,53a2f082,es Real Madrid,1995
2017,8f62b6ee,Hugo Lloris,fr FRA,GK,361ca564,eng Tottenham,1986
2017,d7553721,Giovani Lo Celso,ar ARG,MF,e2d8892c,fr Paris S-G,1996
2017,7c2965bb,Rony Lopes,pt POR,"MF,FW",fd6114db,fr Monaco,1995
2017,8320fe65,Lisandro López,ar ARG,DF,a77c513e,pt Benfica,1989
2017,6d4d9e18,Vágner Love,br BRA,FW,0f9294bd,tr Beşiktaş,1984
2017,1a2935f6,Dejan Lovren,hr CRO,DF,822bd0ba,eng Liverpool,1989
2017,e4ed2628,Filipe Luís,br BRA,DF,db3b9613,es Atlético Madrid,1985
2017,520c318f,Zé Luís,cv CPV,FW,8c635914,ru Spartak Moscow,1991
2017,60a93897,Luisão,br BRA,DF,a77c513e,pt Benfica,1981
2017,c0e27d1a,David Luiz,br BRA,"DF,MF",cff3d9bb,eng Chelsea,1987
2017,5eae500a,Romelu Lukaku,be BEL,FW,19538871,eng Manchester Utd,1993
2017,54c9ed15,Mikael Lustig,se SWE,DF,b81aa4fa,sct Celtic,1986
2017,7be09c86,Mahir Madatov,az AZE,"MF,FW",44b65410,az Qarabağ,1997
2017,31d7f557,Christian Maggio,it ITA,DF,d48ad4ff,it Napoli,1982
2017,46907171,Abdul Majeed Waris,gh GHA,"MF,FW",5e876ee6,pt Porto,1991
2017,a274dccb,Andreas Makris,cy CYP,FW,eab315a6,cy APOEL FC,1995
2017,16b9d5cf,Nikola Maksimović,rs SRB,DF,d48ad4ff,it Napoli,1991
2017,6b6c793c,Tyrell Malacia,nl NED,DF,fb4ca611,nl Feyenoord,1999
2017,afa0d4e0,Mario Mandžukić,hr CRO,FW,e0652b02,it Juventus,1986
2017,c691bfe2,Sadio Mané,sn SEN,"FW,MF",822bd0ba,eng Liverpool,1992
2017,f520049f,Eliaquim Mangala,fr FRA,DF,b8fd03ef,eng Manchester City,1991
2017,c707411f,Kostas Manolas,gr GRE,DF,cf74a709,it Roma,1991
2017,7a20d90a,Iván Marcano,es ESP,DF,5e876ee6,pt Porto,1987
2017,603116a7,Marcelo,br BRA,DF,53a2f082,es Real Madrid,1988
2017,e304acd5,Claudio Marchisio,it ITA,FW,e0652b02,it Juventus,1986
2017,05a84d52,Moussa Marega,ml MLI,FW,5e876ee6,pt Porto,1991
2017,f0da930c,José María Giménez,uy URU,DF,db3b9613,es Atlético Madrid,1995
2017,a022e78c,Marko Marin,de GER,"FW,MF",2fdb4aef,gr Olympiacos,1989
2017,9139bb12,Marlos,ua UKR,FW,e89d5a28,ua Shakhtar,1988
2017,d5f2f82b,Marquinhos,br BRA,DF,e2d8892c,fr Paris S-G,1994
2017,8b788c01,Anthony Martial,fr FRA,"FW,MF",19538871,eng Manchester Utd,1995
2017,7f97771d,Javi Martínez,es ESP,"MF,DF",054efa67,de Bayern Munich,1988
2017,3ef0fa48,Gelson Martins,pt POR,FW,13dc44fd,pt Sporting CP,1995
2017,5070881b,Javier Mascherano,ar ARG,DF,206d90db,es Barcelona,1984
2017,29733c72,Juan Mata,es ESP,"FW,MF",19538871,eng Manchester Utd,1988
2017,5b887c7a,Jérémy Mathieu,fr FRA,DF,13dc44fd,pt Sporting CP,1983
2017,eb7822d7,Nemanja Matić,rs SRB,MF,19538871,eng Manchester Utd,1988
2017,b217ef29,Joël Matip,cm CMR,DF,822bd0ba,eng Liverpool,1991
2017,c0cddebe,Blaise Matuidi,fr FRA,MF,e0652b02,it Juventus,1987
2017,64e8ed6d,Borja Mayoral,es ESP,FW,53a2f082,es Real Madrid,1997
2017,42fd9c7f,Kylian Mbappé,fr FRA,FW,e2d8892c,fr Paris S-G,1998
2017,8325870c,Kara Mbodji,sn SEN,DF,08ad393c,be Anderlecht,1989
2017,6800f515,Callum McGregor,sct SCO,MF,b81aa4fa,sct Celtic,1993
2017,d93c2511,Scott McTominay,sct SCO,MF,19538871,eng Manchester Utd,1996
2017,563a68ad,Gary Medel,cl CHI,"DF,MF",0f9294bd,tr Beşiktaş,1987
2017,e66e4ddc,Maksim Medvedev,az AZE,DF,44b65410,az Qarabağ,1989
2017,5cec2c74,Soualiho Meïté,fr FRA,MF,fd6114db,fr Monaco,1994
2017,f346787e,Lorenzo Melgarejo,py PAR,"FW,MF",8c635914,ru Spartak Moscow,1990
2017,5271c8f1,Benjamin Mendy,fr FRA,DF,b8fd03ef,eng Manchester City,1994
2017,bf97c188,Gabriel Mercado,ar ARG,DF,ad2be733,es Sevilla,1987
2017,63c3659d,Giorgos Merkis,cy CYP,DF,eab315a6,cy APOEL FC,1984
2017,89b2c8a9,Dries Mertens,be BEL,FW,d48ad4ff,it Napoli,1987
2017,489a73e9,Jasmin Mešanović,ba BIH,"FW,MF",2aae7689,si NK Maribor,1992
2017,d70ce98e,Lionel Messi,ar ARG,FW,206d90db,es Barcelona,1987
2017,e162b013,Thomas Meunier,be BEL,DF,e2d8892c,fr Paris S-G,1991
2017,4d425e6e,Míchel,es ESP,MF,44b65410,az Qarabağ,1985
2017,b2484b77,Georgi Milanov,bg BUL,MF,f0c0c2c2,ru CSKA Moscow,1992
2017,7a69c649,Martin Milec,si SVN,DF,2aae7689,si NK Maribor,1991
2017,85613cf0,Arkadiusz Milik,pl POL,FW,d48ad4ff,it Napoli,1994
2017,2f90f6b8,James Milner,eng ENG,MF,822bd0ba,eng Liverpool,1986
2017,a8741470,Matej Mitrović,hr CRO,DF,0f9294bd,tr Beşiktaş,1993
2017,dd0daf32,Henrikh Mkhitaryan,am ARM,MF,19538871,eng Manchester Utd,1989
2017,6025fab1,Luka Modrić,hr CRO,MF,53a2f082,es Real Madrid,1985
2017,b6170459,Nuno Morais,pt POR,"MF,DF",eab315a6,cy APOEL FC,1984
2017,129af0db,Álvaro Morata,es ESP,FW,cff3d9bb,eng Chelsea,1992
2017,11b9265b,Alberto Moreno,es ESP,DF,822bd0ba,eng Liverpool,1992
2017,e726e11e,Victor Moses,ng NGA,DF,cff3d9bb,eng Chelsea,1990
2017,57ef0d97,Thiago Motta,it ITA,MF,e2d8892c,fr Paris S-G,1982
2017,2b622f01,Lucas Moura,br BRA,FW,361ca564,eng Tottenham,1992
2017,f5a00fa4,João Moutinho,pt POR,MF,fd6114db,fr Monaco,1986
2017,3c6089ab,Thomas Müller,de GER,"MF,FW",054efa67,de Bayern Munich,1989
2017,eb2fe5b6,Luis Muriel,co COL,FW,ad2be733,es Sevilla,1991
2017,e50623a0,Kévin N'Doram,fr FRA,MF,fd6114db,fr Monaco,1996
2017,76c131da,Georges-Kévin N'Koudou,cm CMR,"MF,FW",361ca564,eng Tottenham,1995
2017,79019bf4,Kirill Nababkin,ru RUS,MF,f0c0c2c2,ru CSKA Moscow,1986
2017,d4aa40b8,Ben Nabouhane,km COM,FW,2fdb4aef,gr Olympiacos,1989
2017,2946f9a1,Nacho,es ESP,DF,53a2f082,es Real Madrid,1990
2017,1f9328da,Radja Nainggolan,be BEL,MF,cf74a709,it Roma,1988
2017,f8280175,Andy Najar,hn HON,DF,08ad393c,be Anderlecht,1993
2017,c44a1d58,Bibras Natkho,il ISR,MF,f0c0c2c2,ru CSKA Moscow,1988
2017,3f10bd22,Jesús Navas,es ESP,"DF,FW",ad2be733,es Sevilla,1985
2017,ecada4fc,Keylor Navas,cr CRC,GK,53a2f082,es Real Madrid,1986
2017,3f0cc58f,Dino Ndlovu,za RSA,FW,44b65410,az Qarabağ,1990
2017,63b0ca6b,Álvaro Negredo,es ESP,FW,0f9294bd,tr Beşiktaş,1985
2017,10d8eff2,Miquel Nelom,nl NED,DF,fb4ca611,nl Feyenoord,1990
2017,8778c910,Manuel Neuer,de GER,GK,054efa67,de Bayern Munich,1986
2017,69384e5d,Neymar,br BRA,FW,e2d8892c,fr Paris S-G,1992
2017,f40dd3c7,Bart Nieuwkoop,nl NED,DF,fb4ca611,nl Feyenoord,1996
2017,c14bc029,Saúl Ñíguez,es ESP,MF,db3b9613,es Atlético Madrid,1994
2017,cf961d8d,Dimitris Nikolaou,gr GRE,DF,2fdb4aef,gr Olympiacos,1998
2017,b2d0ec1b,Nolito,es ESP,FW,ad2be733,es Sevilla,1986
2017,6554bb97,Olivier Ntcham,cm CMR,MF,b81aa4fa,sct Celtic,1996
2017,c7526c18,Steven Nzonzi,fr FRA,MF,ad2be733,es Sevilla,1988
2017,af45e954,Dimitri Oberlin,ch SUI,FW,d3d9424a,ch Basel,1997
2017,ee8508c0,Jan Oblak,si SVN,GK,db3b9613,es Atlético Madrid,1993
2017,f6ddac8f,Ivan Obradović,rs SRB,DF,08ad393c,be Anderlecht,1988
2017,518918ad,Vadis Odjidja-Ofoe,be BEL,"MF,FW",2fdb4aef,gr Olympiacos,1989
2017,d18f2675,Mattheus Oliveira,br BRA,FW,13dc44fd,pt Sporting CP,1994
2017,947e036f,Sérgio Oliveira,pt POR,MF,5e876ee6,pt Porto,1992
2017,e90dc1d5,Henry Onyekuru,ng NGA,"FW,MF",08ad393c,be Anderlecht,1997
2017,20030c06,Willi Orban,hu HUN,DF,acbb6a5b,de RB Leipzig,1992
2017,86c75897,Ivan Ordets,ua UKR,DF,e89d5a28,ua Shakhtar,1992
2017,0d267745,Nicolás Otamendi,ar ARG,DF,b8fd03ef,eng Manchester City,1988
2017,28b1f3ce,Otávio,pt POR,MF,5e876ee6,pt Porto,1995
2017,ed90babd,Adam Ounas,dz ALG,"FW,MF",d48ad4ff,it Napoli,1996
2017,38c7feef,Alex Oxlade-Chamberlain,eng ENG,"FW,MF",822bd0ba,eng Liverpool,1993
2017,d8c679be,Oğuzhan Özyakup,tr TUR,MF,0f9294bd,tr Beşiktaş,1992
2017,962e54cb,Gonçalo Paciência,pt POR,FW,5e876ee6,pt Porto,1994
2017,a78ff07f,João Palhinha,pt POR,MF,13dc44fd,pt Sporting CP,1995
2017,b682dcf6,Sokratis Papastathopoulos,gr GRE,DF,add600ae,de Dortmund,1988
2017,5f956fcf,Felipe Pardo,co COL,"MF,FW",2fdb4aef,gr Olympiacos,1990
2017,a92669f6,Nicolás Pareja,ar ARG,DF,ad2be733,es Sevilla,1984
2017,529f49ab,Thomas Partey,gh GHA,"MF,DF",db3b9613,es Atlético Madrid,1993
2017,e599253a,Mario Pašalić,hr CRO,MF,8c635914,ru Spartak Moscow,1995
2017,881ef58c,Javier Pastore,ar ARG,"MF,FW",e2d8892c,fr Paris S-G,1989
2017,79b0d6a0,Rui Patrício,pt POR,GK,13dc44fd,pt Sporting CP,1988
2017,00672021,Alan Patrick,br BRA,MF,e89d5a28,ua Shakhtar,1991
2017,bb7337cc,Paulinho,br BRA,MF,206d90db,es Barcelona,1988
2017,3ca7254a,Pedro,es ESP,"MF,FW",cff3d9bb,eng Chelsea,1987
2017,157c5e0b,Mustafa Pektemek,tr TUR,"FW,MF",0f9294bd,tr Beşiktaş,1988
2017,4a5a45c7,Lorenzo Pellegrini,it ITA,"MF,FW",cf74a709,it Roma,1996
2017,c906ce0f,Pepe,pt POR,DF,0f9294bd,tr Beşiktaş,1983
2017,8fd9996f,Danilo Pereira,pt POR,MF,5e876ee6,pt Porto,1991
2017,6e592fa4,Maxi Pereira,uy URU,"DF,MF",5e876ee6,pt Porto,1984
2017,75a72a99,Ricardo Pereira,pt POR,"DF,FW",5e876ee6,pt Porto,1993
2017,852351df,Bruno Peres,br BRA,DF,cf74a709,it Roma,1990
2017,d7ffd345,Nauzet Pérez,es ESP,GK,eab315a6,cy APOEL FC,1985
2017,a40d5a0c,Diego Perotti,ar ARG,FW,cf74a709,it Roma,1988
2017,70d31829,Marko Petković,rs SRB,DF,8c635914,ru Spartak Moscow,1992
2017,90f3beec,Raoul Petretta,it ITA,MF,d3d9424a,ch Basel,1997
2017,7214c684,Radosav Petrović,rs SRB,"MF,DF",13dc44fd,pt Sporting CP,1989
2017,6db16dda,Ivan Petryak,ua UKR,FW,e89d5a28,ua Shakhtar,1994
2017,061e8e23,Maximilian Philipp,de GER,"FW,MF",add600ae,de Dortmund,1994
2017,32c0491f,Cristiano Piccini,it ITA,DF,13dc44fd,pt Sporting CP,1992
2017,f864af2c,Aleks Pihler,si SVN,MF,2aae7689,si NK Maribor,1994
2017,adfc9123,Gerard Piqué,es ESP,DF,206d90db,es Barcelona,1987
2017,fe2db476,Łukasz Piszczek,pl POL,DF,add600ae,de Dortmund,1985
2017,faec2ec4,Guido Pizarro,ar ARG,MF,ad2be733,es Sevilla,1990
2017,96094cbc,Pizzi,pt POR,MF,a77c513e,pt Benfica,1989
2017,ad6df2d5,Miralem Pjanić,ba BIH,MF,e0652b02,it Juventus,1990
2017,867239d3,Paul Pogba,fr FRA,MF,19538871,eng Manchester Utd,1993
2017,78150923,Ivelin Popov,bg BUL,MF,8c635914,ru Spartak Moscow,1987
2017,27b89843,Mickaël Poté,bj BEN,FW,eab315a6,cy APOEL FC,1984
2017,d2416c2e,Yussuf Poulsen,dk DEN,FW,acbb6a5b,de RB Leipzig,1994
2017,b182a240,Quincy Promes,nl NED,"FW,MF",8c635914,ru Spartak Moscow,1992
2017,c8a88acd,Silvio Proto,be BEL,GK,2fdb4aef,gr Olympiacos,1983
2017,1bf33a9a,Christian Pulisic,us USA,"FW,MF",add600ae,de Dortmund,1998
2017,34c3b935,Andriy Pyatov,ua UKR,GK,e89d5a28,ua Shakhtar,1984
2017,6b6d252d,Ricardo Quaresma,pt POR,FW,0f9294bd,tr Beşiktaş,1983
2017,3e975352,Dani Quintana,es ESP,"FW,MF",44b65410,az Qarabağ,1987
2017,8794e251,Adrien Rabiot,fr FRA,MF,e2d8892c,fr Paris S-G,1995
2017,d003e213,Rafinha,br BRA,DF,054efa67,de Bayern Munich,1985
2017,bd4f5f94,Andrea Raggi,it ITA,DF,fd6114db,fr Monaco,1984
2017,27c8e860,Aleksander Rajčević,si SVN,DF,2aae7689,si NK Maribor,1986
2017,89f951b5,Ivan Rakitić,hr CRO,MF,206d90db,es Barcelona,1988
2017,47fd5136,Yaroslav Rakitskiy,ua UKR,DF,e89d5a28,ua Shakhtar,1989
2017,56208b05,Anthony Ralston,sct SCO,DF,b81aa4fa,sct Celtic,1998
2017,bbcc9c00,Aghabala Ramazanov,az AZE,MF,44b65410,az Qarabağ,1993
2017,833fb62e,Sandro Ramírez,es ESP,FW,ad2be733,es Sevilla,1995
2017,08511d65,Sergio Ramos,es ESP,DF,53a2f082,es Real Madrid,1986
2017,a1d5bd30,Marcus Rashford,eng ENG,"FW,MF",19538871,eng Manchester Utd,1997
2017,50310821,Artyom Rebrov,ru RUS,GK,8c635914,ru Spartak Moscow,1984
2017,e358587b,Pepe Reina,es ESP,GK,d48ad4ff,it Napoli,1982
2017,d4f46475,Diego Reyes,mx MEX,DF,5e876ee6,pt Porto,1992
2017,f61c7c4e,Franck Ribéry,fr FRA,"MF,FW",054efa67,de Bayern Munich,1983
2017,5f0241b2,Sergio Rico,es ESP,GK,ad2be733,es Sevilla,1993
2017,7e56d3db,Stefan Ristovski,mk MKD,DF,13dc44fd,pt Sporting CP,1992
2017,87d8b5a3,Blas Riveros,py PAR,"DF,MF",d3d9424a,ch Basel,1998
2017,09586899,Arjen Robben,nl NED,"FW,MF",054efa67,de Bayern Munich,1984
2017,335fa267,Sergi Roberto,es ESP,"MF,DF",206d90db,es Barcelona,1992
2017,59d93937,Patrick Roberts,eng ENG,FW,b81aa4fa,sct Celtic,1997
2017,2e4f5f03,Andrew Robertson,sct SCO,DF,822bd0ba,eng Liverpool,1994
2017,b33e0095,Pedro Rocha Neves,br BRA,MF,8c635914,ru Spartak Moscow,1994
2017,715bf047,James Rodríguez,co COL,"MF,FW",054efa67,de Bayern Munich,1991
2017,b6b2b820,Marko Rog,hr CRO,"MF,FW",d48ad4ff,it Napoli,1995
2017,27ff9bdb,Tom Rogić,au AUS,"MF,FW",b81aa4fa,sct Celtic,1992
2017,e0991c04,Marcos Rojo,ar ARG,DF,19538871,eng Manchester Utd,1990
2017,0aa874f4,Alaixys Romao,tg TOG,"MF,DF",2fdb4aef,gr Olympiacos,1984
2017,1e26e376,Sergio Romero,ar ARG,GK,19538871,eng Manchester Utd,1987
2017,dea698d9,Cristiano Ronaldo,pt POR,FW,53a2f082,es Real Madrid,1985
2017,89d10e53,Danny Rose,eng ENG,DF,361ca564,eng Tottenham,1990
2017,18b896d6,Antonio Rüdiger,de GER,DF,cff3d9bb,eng Chelsea,1993
2017,80f36c88,Sebastian Rudy,de GER,MF,054efa67,de Bayern Munich,1990
2017,9d8ba8ec,Jesús Rueda,es ESP,DF,eab315a6,cy APOEL FC,1987
2017,14b8fcdf,Daniele Rugani,it ITA,DF,e0652b02,it Juventus,1994
2017,0b5a292a,Mário Rui,pt POR,"DF,FW",d48ad4ff,it Napoli,1991
2017,8fe2101a,Alan Ruiz,ar ARG,FW,13dc44fd,pt Sporting CP,1993
2017,d4222f7b,Jakub Rzeźniczak,pl POL,DF,44b65410,az Qarabağ,1986
2017,903b6e8b,José Sá,pt POR,GK,5e876ee6,pt Porto,1993
2017,a72c139d,Josué Sá,pt POR,DF,08ad393c,be Anderlecht,1992
2017,e280527c,Marcel Sabitzer,at AUT,"MF,FW",acbb6a5b,de RB Leipzig,1994
2017,d49f80d7,Rashad Sadygov,az AZE,DF,44b65410,az Qarabağ,1982
2017,f4081572,Nuri Şahin,tr TUR,MF,add600ae,de Dortmund,1988
2017,e342ad68,Mohamed Salah,eg EGY,FW,822bd0ba,eng Liverpool,1992
2017,bf075f6b,Roland Sallai,hu HUN,"MF,FW",eab315a6,cy APOEL FC,1997
2017,5f424f35,Eduardo Salvio,ar ARG,"MF,FW",a77c513e,pt Benfica,1990
2017,5af687a1,Andreas Samaris,gr GRE,MF,a77c513e,pt Benfica,1989
2017,44c3d1d2,Aleksandr Samedov,ru RUS,"MF,FW",8c635914,ru Spartak Moscow,1984
2017,e6c80256,Aaron Samuel Olanare,ng NGA,FW,f0c0c2c2,ru CSKA Moscow,1994
2017,2c0f8e9e,Alexis Sánchez,cl CHI,"FW,MF",19538871,eng Manchester Utd,1988
2017,da7b447d,Davinson Sánchez,co COL,DF,361ca564,eng Tottenham,1996
2017,0d82903c,Alex Sandro,br BRA,DF,e0652b02,it Juventus,1991
2017,2b114be3,Leroy Sané,de GER,"FW,MF",b8fd03ef,eng Manchester City,1996
2017,9744ff80,Pablo Sarabia,es ESP,FW,ad2be733,es Sevilla,1992
2017,f6ac68c1,Stefan Savić,me MNE,DF,db3b9613,es Atlético Madrid,1991
2017,5d4f7d61,Patrik Schick,cz CZE,"FW,MF",cf74a709,it Roma,1996
2017,89565ac5,Marcel Schmelzer,de GER,DF,add600ae,de Dortmund,1988
2017,ecbb3fdf,André Schürrle,de GER,DF,add600ae,de Dortmund,1990
2017,64bac8b2,Sebá,br BRA,"FW,MF",2fdb4aef,gr Olympiacos,1992
2017,a45eac1f,Haris Seferović,ch SUI,FW,a77c513e,pt Benfica,1992
2017,56bf1cc0,Ibrahim Šehić,ba BIH,GK,44b65410,az Qarabağ,1988
2017,972d595a,Aleksandr Selikhov,ru RUS,GK,8c635914,ru Spartak Moscow,1994
2017,834b5c4c,Matz Sels,be BEL,GK,08ad393c,be Anderlecht,1992
2017,d04b94db,Nélson Semedo,pt POR,DF,206d90db,es Barcelona,1993
2017,d3aaad90,Stephan El Shaarawy,it ITA,FW,cf74a709,it Roma,1992
2017,9c94165b,Luke Shaw,eng ENG,DF,19538871,eng Manchester Utd,1995
2017,ab6928f2,Georgi Shchennikov,ru RUS,"FW,DF",f0c0c2c2,ru CSKA Moscow,1991
2017,14a04bea,Ramil Sheydayev,az AZE,FW,44b65410,az Qarabağ,1996
2017,4c5b714f,Djibril Sidibé,fr FRA,"DF,FW",fd6114db,fr Monaco,1992
2017,3eb22ec9,Bernardo Silva,pt POR,"FW,MF",b8fd03ef,eng Manchester City,1994
2017,e2716bd0,David Silva,es ESP,MF,b8fd03ef,eng Manchester City,1986
2017,f2308b33,Jonathan Silva,ar ARG,DF,13dc44fd,pt Sporting CP,1994
2017,70cf63ca,Rafa Silva,pt POR,DF,a77c513e,pt Benfica,1993
2017,86e7deaf,Thiago Silva,br BRA,DF,e2d8892c,fr Paris S-G,1984
2017,c90b2e8f,Jozo Šimunović,hr CRO,DF,b81aa4fa,sct Celtic,1994
2017,273c483b,Scott Sinclair,eng ENG,"FW,MF",b81aa4fa,sct Celtic,1989
2017,2acd49b9,Moussa Sissoko,fr FRA,MF,361ca564,eng Tottenham,1989
2017,b6964eb6,Chris Smalling,eng ENG,DF,19538871,eng Manchester Utd,1989
2017,4d982baf,Tiquinho Soares,br BRA,FW,5e876ee6,pt Porto,1991
2017,e77dc3b2,Dominic Solanke,eng ENG,"FW,MF",822bd0ba,eng Liverpool,1997
2017,8f8c6934,David Soria,es ESP,GK,ad2be733,es Sevilla,1993
2017,02ce2030,Uroš Spajić,rs SRB,DF,08ad393c,be Anderlecht,1993
2017,edd6c8e9,Darijo Srna,hr CRO,DF,e89d5a28,ua Shakhtar,1982
2017,90339309,Jerry St. Juste,nl NED,DF,fb4ca611,nl Feyenoord,1996
2017,e07c2923,Nicolae Stanciu,ro ROU,"MF,FW",08ad393c,be Anderlecht,1993
2017,dd669209,Renato Steffen,ch SUI,FW,d3d9424a,ch Basel,1991
2017,ee3519f5,Taras Stepanenko,ua UKR,MF,e89d5a28,ua Shakhtar,1989
2017,230255f5,Kazaiah Sterling,eng ENG,MF,361ca564,eng Tottenham,1998
2017,b400bde0,Raheem Sterling,eng ENG,"FW,MF",b8fd03ef,eng Manchester City,1994
2017,6b85f966,Valentin Stocker,ch SUI,MF,d3d9424a,ch Basel,1989
2017,5eecec3d,John Stones,eng ENG,DF,b8fd03ef,eng Manchester City,1994
2017,ef2e5e1a,Kevin Strootman,nl NED,MF,cf74a709,it Roma,1990
2017,2334478a,Stefano Sturaro,it ITA,DF,e0652b02,it Juventus,1993
2017,1b7ec703,Daniel Sturridge,eng ENG,FW,822bd0ba,eng Liverpool,1989
2017,12c50af5,Denis Suárez,es ESP,MF,206d90db,es Barcelona,1994
2017,a6154613,Luis Suárez,uy URU,FW,206d90db,es Barcelona,1987
2017,f6db3bd5,Danijel Subašić,hr CRO,GK,fd6114db,fr Monaco,1984
2017,821233cc,Neven Subotić,rs SRB,DF,add600ae,de Dortmund,1988
2017,c5224618,Marek Suchý,cz CZE,DF,d3d9424a,ch Basel,1988
2017,e33c06cf,Niklas Süle,de GER,DF,054efa67,de Bayern Munich,1995
2017,b20ce5eb,Marko Šuler,si SVN,DF,2aae7689,si NK Maribor,1983
2017,bcf5058a,Mile Svilar,rs SRB,GK,a77c513e,pt Benfica,1999
2017,01b8a2b2,Wojciech Szczęsny,pl POL,GK,e0652b02,it Juventus,1990
2017,e26bd2f4,Panagiotis Tachtsidis,gr GRE,MF,2fdb4aef,gr Olympiacos,1991
2017,7272a72a,Taison,br BRA,"MF,FW",e89d5a28,ua Shakhtar,1988
2017,5c4f4e43,Talisca,br BRA,MF,0f9294bd,tr Beşiktaş,1994
2017,34269bdf,Renato Tapia,pe PER,DF,fb4ca611,nl Feyenoord,1995
2017,7f5ca4f8,Serdar Tasci,de GER,DF,8c635914,ru Spartak Moscow,1987
2017,9d73993b,Marcos Tavares,br BRA,FW,2aae7689,si NK Maribor,1984
2017,e73c9bb2,Alex Telles,br BRA,DF,5e876ee6,pt Porto,1992
2017,7e81a17d,Łukasz Teodorczyk,pl POL,FW,08ad393c,be Anderlecht,1991
2017,6f51e382,Marc-André ter Stegen,de GER,GK,206d90db,es Barcelona,1992
2017,56f7a928,Youri Tielemans,be BEL,MF,fd6114db,fr Monaco,1997
2017,fce2302c,Kieran Tierney,sct SCO,DF,b81aa4fa,sct Celtic,1997
2017,652d4c37,Corentin Tolisso,fr FRA,MF,054efa67,de Bayern Munich,1994
2017,a96e5dc0,Jeremy Toljan,de GER,DF,add600ae,de Dortmund,1994
2017,ade993b9,Jens Toornstra,nl NED,"MF,FW",fb4ca611,nl Feyenoord,1989
2017,c5fd13e9,Ömer Toprak,tr TUR,DF,add600ae,de Dortmund,1989
2017,bdf7b97d,Fernando Torres,es ESP,FW,db3b9613,es Atlético Madrid,1984
2017,58a9a4d9,Óliver Torres,es ESP,MF,5e876ee6,pt Porto,1994
2017,523057ea,Duško Tošić,rs SRB,DF,0f9294bd,tr Beşiktaş,1985
2017,9a104dee,Cenk Tosun,tr TUR,FW,0f9294bd,tr Beşiktaş,1991
2017,c8c60119,Almamy Touré,ml MLI,DF,fd6114db,fr Monaco,1996
2017,c204f844,Yaya Touré,ci CIV,MF,b8fd03ef,eng Manchester City,1983
2017,ad1d334f,Adrien Trebel,fr FRA,"MF,DF",08ad393c,be Anderlecht,1991
2017,21512407,Kieran Trippier,eng ENG,DF,361ca564,eng Tottenham,1990
2017,2baec6ce,Axel Tuanzebe,cd COD,DF,19538871,eng Manchester Utd,1997
2017,7d3e7da6,Sven Ulreich,de GER,GK,054efa67,de Bayern Munich,1988
2017,3eed9821,Samuel Umtiti,fr FRA,DF,206d90db,es Barcelona,1993
2017,1880614f,Cengiz Ünder,tr TUR,"FW,MF",cf74a709,it Roma,1997
2017,d248cd8f,Dayot Upamecano,fr FRA,DF,acbb6a5b,de RB Leipzig,1998
2017,2f7af524,Necip Uysal,tr TUR,DF,0f9294bd,tr Beşiktaş,1991
2017,7b456af7,Tomáš Vaclík,cz CZE,GK,d3d9424a,ch Basel,1989
2017,08aa17d0,Antonio Valencia,ec ECU,DF,19538871,eng Manchester Utd,1985
2017,c2111b45,Jesús Vallejo,es ESP,DF,53a2f082,es Real Madrid,1997
2017,e06683ca,Virgil van Dijk,nl NED,DF,822bd0ba,eng Liverpool,1991
2017,9f8e9423,Raphaël Varane,fr FRA,DF,53a2f082,es Real Madrid,1993
2017,2bea06e0,Bruno Varela,cv CPV,GK,a77c513e,pt Benfica,1994
2017,f69d4d79,Viktor Vasin,ru RUS,DF,f0c0c2c2,ru CSKA Moscow,1988
2017,467bae22,Franco Vázquez,ar ARG,MF,ad2be733,es Sevilla,1989
2017,fd51b456,Lucas Vázquez,es ESP,"MF,DF",53a2f082,es Real Madrid,1991
2017,80b81359,Dylan Vente,nl NED,FW,fb4ca611,nl Feyenoord,1999
2017,d0d79694,Thomas Vermaelen,be BEL,DF,206d90db,es Barcelona,1985
2017,22a94b80,Kenneth Vermeer,nl NED,GK,fb4ca611,nl Feyenoord,1986
2017,1467af0d,Marco Verratti,it ITA,MF,e2d8892c,fr Paris S-G,1992
2017,ba23a904,Jan Vertonghen,be BEL,DF,361ca564,eng Tottenham,1987
2017,3f359b33,Domagoj Vida,hr CRO,DF,0f9294bd,tr Beşiktaş,1989
2017,04965583,Aleix Vidal,es ESP,"FW,MF",206d90db,es Barcelona,1989
2017,67cdbc0e,Arturo Vidal,cl CHI,MF,054efa67,de Bayern Munich,1987
2017,2513a588,Luciano Vietto,ar ARG,FW,db3b9613,es Atlético Madrid,1993
2017,df324174,Mitja Viler,si SVN,DF,2aae7689,si NK Maribor,1986
2017,c7069d87,Tonny Vilhena,nl NED,MF,fb4ca611,nl Feyenoord,1995
2017,a02543c3,Vinicius,br BRA,MF,eab315a6,cy APOEL FC,1986
2017,a9e68c94,Vitinho,br BRA,FW,f0c0c2c2,ru CSKA Moscow,1993
2017,1bebde9d,Michel Vorm,nl NED,GK,361ca564,eng Tottenham,1983
2017,244a1281,Praxitelis Vouros,gr GRE,DF,eab315a6,cy APOEL FC,1995
2017,af00baef,Blaž Vrhovec,si SVN,MF,2aae7689,si NK Maribor,1992
2017,46a8347f,Šime Vrsaljko,hr CRO,DF,db3b9613,es Atlético Madrid,1992
2017,1932f8f4,Dare Vršič,si SVN,MF,2aae7689,si NK Maribor,1984
2017,61b0b44d,Sandro Wagner,de GER,FW,054efa67,de Bayern Munich,1987
2017,86dd77d1,Kyle Walker,eng ENG,DF,b8fd03ef,eng Manchester City,1990
2017,984a5a64,Kyle Walker-Peters,eng ENG,DF,361ca564,eng Tottenham,1997
2017,e0900238,Victor Wanyama,ke KEN,MF,361ca564,eng Tottenham,1991
2017,110338ae,Boy Waterman,nl NED,GK,eab315a6,cy APOEL FC,1984
2017,346d51d9,Julian Weigl,de GER,MF,add600ae,de Dortmund,1995
2017,d7398ac3,Pontus Wernbloom,se SWE,"MF,FW",f0c0c2c2,ru CSKA Moscow,1986
2017,49fe9070,Timo Werner,de GER,FW,acbb6a5b,de RB Leipzig,1996
2017,eb58eef0,Georginio Wijnaldum,nl NED,MF,822bd0ba,eng Liverpool,1990
2017,8b9ebd03,Willian,br BRA,"MF,FW",cff3d9bb,eng Chelsea,1988
2017,2f7acede,Harry Winks,eng ENG,MF,361ca564,eng Tottenham,1996
2017,dbe16ade,Ricky van Wolfswinkel,nl NED,FW,d3d9424a,ch Basel,1989
2017,ead14875,Taulant Xhaka,al ALB,"MF,DF",d3d9424a,ch Basel,1991
2017,849c826a,Andriy Yarmolenko,ua UKR,"FW,MF",add600ae,de Dortmund,1989
2017,d0a01d27,Andrey Yeshchenko,ru RUS,DF,8c635914,ru Spartak Moscow,1984
2017,be927d03,Ashley Young,eng ENG,DF,19538871,eng Manchester Utd,1985
2017,c75e82dc,Elvin Yunuszade,az AZE,"DF,FW",44b65410,az Qarabağ,1992
2017,a4effc55,Dan-Axel Zagadou,fr FRA,DF,add600ae,de Dortmund,1999
2017,5e082d51,Ghayas Zahid,no NOR,"FW,MF",eab315a6,cy APOEL FC,1994
2017,7fe90ccd,Davide Zappacosta,it ITA,"DF,MF",cff3d9bb,eng Chelsea,1992
2017,bbddc31f,Saša Zdjelar,rs SRB,MF,2fdb4aef,gr Olympiacos,1995
2017,08a2c314,Tolga Zengin,tr TUR,GK,0f9294bd,tr Beşiktaş,1983
2017,732b0cf9,Timur Zhamaletdinov,ru RUS,FW,f0c0c2c2,ru CSKA Moscow,1997
2017,a5296e55,Piotr Zieliński,pl POL,"MF,FW",d48ad4ff,it Napoli,1994
2017,51cf8561,Oleksandr Zinchenko,ua UKR,DF,b8fd03ef,eng Manchester City,1996
2017,321f83a2,Andrija Živković,rs SRB,"MF,FW",a77c513e,pt Benfica,1996
2017,0a215326,Roman Zobnin,ru RUS,"DF,FW",8c635914,ru Spartak Moscow,1994
2017,adfbe1f5,Oleksandr Zubkov,ua UKR,FW,e89d5a28,ua Shakhtar,1996
2017,9c824717,Luca Zuffi,ch SUI,MF,d3d9424a,ch Basel,1990
2017,d49b243a,Uroš Đurđević,me MNE,"FW,MF",2fdb4aef,gr Olympiacos,1994
2017,Bruno-Costa,Bruno Costa,,,5e876ee6,pt Porto,
